{
  "dataset": {
    "name": "Golub et al. 1999 leukemia gene expression (ALL vs AML)",
    "n_samples": 72,
    "n_genes_total": 3571,
    "n_genes_selected_per_fold": 50,
    "class_counts": {
      "ALL": 47,
      "AML": 25
    }
  },
  "cv": {
    "n_splits": 5,
    "random_state": 0
  },
  "majority_class_baseline_accuracy": {
    "mean": 0.6523809523809524,
    "std": 0.011664236870396045
  },
  "model_comparison": {
    "logistic_regression": {
      "mean": 0.9714285714285715,
      "std": 0.05714285714285716,
      "folds": [
        1.0,
        1.0,
        0.8571428571428571,
        1.0,
        1.0
      ]
    },
    "linear_svm": {
      "mean": 0.9571428571428571,
      "std": 0.05714285714285716,
      "folds": [
        1.0,
        1.0,
        0.8571428571428571,
        0.9285714285714286,
        1.0
      ]
    },
    "rbf_svm": {
      "mean": 0.9714285714285715,
      "std": 0.05714285714285716,
      "folds": [
        1.0,
        1.0,
        0.8571428571428571,
        1.0,
        1.0
      ]
    },
    "mlp_10_hidden": {
      "mean": 0.9438095238095239,
      "std": 0.05323119471421761,
      "folds": [
        0.9333333333333333,
        1.0,
        0.8571428571428571,
        0.9285714285714286,
        1.0
      ]
    }
  }
}